Casos,Casos por dia,Ã“bitos por dia,mes,dia,anos,date,ano_mes,anomes
1,1,0,02,26,2020,2020-2-26,2020-2-1,2020-2
0,0,0,02,27,2020,2020-2-27,2020-2-1,2020-2
0,0,0,02,28,2020,2020-2-28,2020-2-1,2020-2
2,1,0,02,29,2020,2020-2-29,2020-2-1,2020-2
0,0,0,03,1,2020,2020-3-1,2020-3-1,2020-3
0,0,0,03,2,2020,2020-3-2,2020-3-1,2020-3
0,0,0,03,3,2020,2020-3-3,2020-3-1,2020-3
3,1,0,03,4,2020,2020-3-4,2020-3-1,2020-3
6,3,0,03,5,2020,2020-3-5,2020-3-1,2020-3
10,4,0,03,6,2020,2020-3-6,2020-3-1,2020-3
13,3,0,03,7,2020,2020-3-7,2020-3-1,2020-3
16,3,0,03,8,2020,2020-3-8,2020-3-1,2020-3
16,0,0,03,9,2020,2020-3-9,2020-3-1,2020-3
19,3,0,03,10,2020,2020-3-10,2020-3-1,2020-3
30,11,0,03,11,2020,2020-3-11,2020-3-1,2020-3
46,16,0,03,12,2020,2020-3-12,2020-3-1,2020-3
56,10,0,03,13,2020,2020-3-13,2020-3-1,2020-3
65,9,0,03,14,2020,2020-3-14,2020-3-1,2020-3
136,71,0,03,15,2020,2020-3-15,2020-3-1,2020-3
152,16,0,03,16,2020,2020-3-16,2020-3-1,2020-3
164,12,1,03,17,2020,2020-3-17,2020-3-1,2020-3
240,76,3,03,18,2020,2020-3-18,2020-3-1,2020-3
286,46,1,03,19,2020,2020-3-19,2020-3-1,2020-3
396,110,4,03,20,2020,2020-3-20,2020-3-1,2020-3
459,63,6,03,21,2020,2020-3-21,2020-3-1,2020-3
631,172,7,03,22,2020,2020-3-22,2020-3-1,2020-3
745,114,8,03,23,2020,2020-3-23,2020-3-1,2020-3
810,65,10,03,24,2020,2020-3-24,2020-3-1,2020-3
862,52,8,03,25,2020,2020-3-25,2020-3-1,2020-3
1052,190,10,03,26,2020,2020-3-26,2020-3-1,2020-3
1223,171,10,03,27,2020,2020-3-27,2020-3-1,2020-3
1406,183,16,03,28,2020,2020-3-28,2020-3-1,2020-3
1451,45,14,03,29,2020,2020-3-29,2020-3-1,2020-3
1517,66,15,03,30,2020,2020-3-30,2020-3-1,2020-3
2339,822,23,03,31,2020,2020-3-31,2020-3-1,2020-3
2981,642,28,04,1,2020,2020-4-1,2020-4-1,2020-4
3506,525,44,04,2,2020,2020-4-2,2020-4-1,2020-4
4048,542,11,04,3,2020,2020-4-3,2020-4-1,2020-4
4466,418,41,04,4,2020,2020-4-4,2020-4-1,2020-4
4620,154,15,04,5,2020,2020-4-5,2020-4-1,2020-4
4861,241,29,04,6,2020,2020-4-6,2020-4-1,2020-4
5682,821,67,04,7,2020,2020-4-7,2020-4-1,2020-4
6708,1026,57,04,8,2020,2020-4-8,2020-4-1,2020-4
7480,772,68,04,9,2020,2020-4-9,2020-4-1,2020-4
8216,736,44,04,10,2020,2020-4-10,2020-4-1,2020-4
8419,203,20,04,11,2020,2020-4-11,2020-4-1,2020-4
8755,336,28,04,12,2020,2020-4-12,2020-4-1,2020-4
8895,140,20,04,13,2020,2020-4-13,2020-4-1,2020-4
9371,476,87,04,14,2020,2020-4-14,2020-4-1,2020-4
11043,1672,83,04,15,2020,2020-4-15,2020-4-1,2020-4
11568,525,75,04,16,2020,2020-4-16,2020-4-1,2020-4
12841,1273,75,04,17,2020,2020-4-17,2020-4-1,2020-4
13894,1053,63,04,18,2020,2020-4-18,2020-4-1,2020-4
14267,373,24,04,19,2020,2020-4-19,2020-4-1,2020-4
14580,313,22,04,20,2020,2020-4-20,2020-4-1,2020-4
15385,805,56,04,21,2020,2020-4-21,2020-4-1,2020-4
15914,529,41,04,22,2020,2020-4-22,2020-4-1,2020-4
16740,826,211,04,23,2020,2020-4-23,2020-4-1,2020-4
17826,1086,167,04,24,2020,2020-4-24,2020-4-1,2020-4
20004,2178,155,04,25,2020,2020-4-25,2020-4-1,2020-4
20715,711,33,04,26,2020,2020-4-26,2020-4-1,2020-4
21696,981,125,04,27,2020,2020-4-27,2020-4-1,2020-4
24041,2345,224,04,28,2020,2020-4-28,2020-4-1,2020-4
26158,2117,198,04,29,2020,2020-4-29,2020-4-1,2020-4
28698,2540,128,04,30,2020,2020-4-30,2020-4-1,2020-4
30374,1676,136,05,1,2020,2020-5-1,2020-5-1,2020-5
31174,800,75,05,2,2020,2020-5-2,2020-5-1,2020-5
31772,598,41,05,3,2020,2020-5-3,2020-5-1,2020-5
32187,415,27,05,4,2020,2020-5-4,2020-5-1,2020-5
34053,1866,197,05,5,2020,2020-5-5,2020-5-1,2020-5
37853,3800,194,05,6,2020,2020-5-6,2020-5-1,2020-5
39928,2075,161,05,7,2020,2020-5-7,2020-5-1,2020-5
41830,1902,210,05,8,2020,2020-5-8,2020-5-1,2020-5
44411,2581,192,05,9,2020,2020-5-9,2020-5-1,2020-5
45444,1033,101,05,10,2020,2020-5-10,2020-5-1,2020-5
46131,687,34,05,11,2020,2020-5-11,2020-5-1,2020-5
47719,1588,206,05,12,2020,2020-5-12,2020-5-1,2020-5
51097,3378,169,05,13,2020,2020-5-13,2020-5-1,2020-5
54286,3189,197,05,14,2020,2020-5-14,2020-5-1,2020-5
58378,4092,186,05,15,2020,2020-5-15,2020-5-1,2020-5
61183,2805,187,05,16,2020,2020-5-16,2020-5-1,2020-5
62345,1162,94,05,17,2020,2020-5-17,2020-5-1,2020-5
63066,721,41,05,18,2020,2020-5-18,2020-5-1,2020-5
65995,2929,324,05,19,2020,2020-5-19,2020-5-1,2020-5
69859,3864,216,05,20,2020,2020-5-20,2020-5-1,2020-5
73739,3880,195,05,21,2020,2020-5-21,2020-5-1,2020-5
76871,3132,215,05,22,2020,2020-5-22,2020-5-1,2020-5
80558,3687,272,05,23,2020,2020-5-23,2020-5-1,2020-5
82161,1603,118,05,24,2020,2020-5-24,2020-5-1,2020-5
83625,1464,57,05,25,2020,2020-5-25,2020-5-1,2020-5
86017,2392,203,05,26,2020,2020-5-26,2020-5-1,2020-5
89483,3466,289,05,27,2020,2020-5-27,2020-5-1,2020-5
95865,6382,268,05,28,2020,2020-5-28,2020-5-1,2020-5
101556,5691,295,05,29,2020,2020-5-29,2020-5-1,2020-5
107142,5586,257,05,30,2020,2020-5-30,2020-5-1,2020-5
109698,2556,83,05,31,2020,2020-5-31,2020-5-1,2020-5
111296,1598,52,06,1,2020,2020-6-1,2020-6-1,2020-6
118295,6999,327,06,2,2020,2020-6-2,2020-6-1,2020-6
123483,5188,282,06,3,2020,2020-6-3,2020-6-1,2020-6
129200,5717,285,06,4,2020,2020-6-4,2020-6-1,2020-6
134565,5365,281,06,5,2020,2020-6-5,2020-6-1,2020-6
140549,5984,216,06,6,2020,2020-6-6,2020-6-1,2020-6
143073,2524,87,06,7,2020,2020-6-7,2020-6-1,2020-6
144593,1520,43,06,8,2020,2020-6-8,2020-6-1,2020-6
150138,5545,334,06,9,2020,2020-6-9,2020-6-1,2020-6
156316,6178,340,06,10,2020,2020-6-10,2020-6-1,2020-6
162520,6204,283,06,11,2020,2020-6-11,2020-6-1,2020-6
167900,5380,223,06,12,2020,2020-6-12,2020-6-1,2020-6
172875,4975,213,06,13,2020,2020-6-13,2020-6-1,2020-6
178202,5327,113,06,14,2020,2020-6-14,2020-6-1,2020-6
181460,3258,73,06,15,2020,2020-6-15,2020-6-1,2020-6
190285,8825,365,06,16,2020,2020-6-16,2020-6-1,2020-6
191517,1232,389,06,17,2020,2020-6-17,2020-6-1,2020-6
192628,1111,325,06,18,2020,2020-6-18,2020-6-1,2020-6
211658,19030,386,06,19,2020,2020-6-19,2020-6-1,2020-6
215793,4135,262,06,20,2020,2020-6-20,2020-6-1,2020-6
219185,3392,94,06,21,2020,2020-6-21,2020-6-1,2020-6
221973,2788,46,06,22,2020,2020-6-22,2020-6-1,2020-6
229475,7502,434,06,23,2020,2020-6-23,2020-6-1,2020-6
238822,9347,284,06,24,2020,2020-6-24,2020-6-1,2020-6
248587,9765,407,06,25,2020,2020-6-25,2020-6-1,2020-6
258508,9921,207,06,26,2020,2020-6-26,2020-6-1,2020-6
265581,7073,297,06,27,2020,2020-6-27,2020-6-1,2020-6
271737,6156,75,06,28,2020,2020-6-28,2020-6-1,2020-6
275145,3408,60,06,29,2020,2020-6-29,2020-6-1,2020-6
281380,6235,365,06,30,2020,2020-6-30,2020-6-1,2020-6
289935,8555,267,07,1,2020,2020-7-1,2020-7-1,2020-7
302179,12244,321,07,2,2020,2020-7-2,2020-7-1,2020-7
310517,8338,343,07,3,2020,2020-7-3,2020-7-1,2020-7
312530,2013,302,07,4,2020,2020-7-4,2020-7-1,2020-7
320179,7649,82,07,5,2020,2020-7-5,2020-7-1,2020-7
323070,2891,56,07,6,2020,2020-7-6,2020-7-1,2020-7
332708,9638,341,07,7,2020,2020-7-7,2020-7-1,2020-7
341365,8657,313,07,8,2020,2020-7-8,2020-7-1,2020-7
349715,8350,330,07,9,2020,2020-7-9,2020-7-1,2020-7
359110,9395,324,07,10,2020,2020-7-10,2020-7-1,2020-7
366890,7780,260,07,11,2020,2020-7-11,2020-7-1,2020-7
371997,5107,146,07,12,2020,2020-7-12,2020-7-1,2020-7
374607,2610,59,07,13,2020,2020-7-13,2020-7-1,2020-7
386607,12000,417,07,14,2020,2020-7-14,2020-7-1,2020-7
393176,6569,316,07,15,2020,2020-7-15,2020-7-1,2020-7
402048,8872,398,07,16,2020,2020-7-16,2020-7-1,2020-7
407415,5367,339,07,17,2020,2020-7-17,2020-7-1,2020-7
412027,4612,270,07,18,2020,2020-7-18,2020-7-1,2020-7
415049,3022,85,07,19,2020,2020-7-19,2020-7-1,2020-7
416434,1385,56,07,20,2020,2020-7-20,2020-7-1,2020-7
422669,6235,383,07,21,2020,2020-7-21,2020-7-1,2020-7
439446,16777,361,07,22,2020,2020-7-22,2020-7-1,2020-7
452007,12561,362,07,23,2020,2020-7-23,2020-7-1,2020-7
463218,11211,312,07,24,2020,2020-7-24,2020-7-1,2020-7
479481,16263,311,07,25,2020,2020-7-25,2020-7-1,2020-7
483982,4501,89,07,26,2020,2020-7-26,2020-7-1,2020-7
487654,3672,70,07,27,2020,2020-7-27,2020-7-1,2020-7
500301,12647,383,07,28,2020,2020-7-28,2020-7-1,2020-7
514197,13896,330,07,29,2020,2020-7-29,2020-7-1,2020-7
529006,14809,321,07,30,2020,2020-7-30,2020-7-1,2020-7
542304,13298,287,07,31,2020,2020-7-31,2020-7-1,2020-7
552318,10014,239,08,1,2020,2020-8-1,2020-8-1,2020-8
558685,6367,81,08,2,2020,2020-8-2,2020-8-1,2020-8
560218,1533,48,08,3,2020,2020-8-3,2020-8-1,2020-8
575589,15371,337,08,4,2020,2020-8-4,2020-8-1,2020-8
585265,9676,407,08,5,2020,2020-8-5,2020-8-1,2020-8
598670,13405,339,08,6,2020,2020-8-6,2020-8-1,2020-8
608379,9709,287,08,7,2020,2020-8-7,2020-8-1,2020-8
621731,13352,281,08,8,2020,2020-8-8,2020-8-1,2020-8
627126,5395,98,08,9,2020,2020-8-9,2020-8-1,2020-8
628415,1289,37,08,10,2020,2020-8-10,2020-8-1,2020-8
639562,11147,420,08,11,2020,2020-8-11,2020-8-1,2020-8
655181,15619,298,08,12,2020,2020-8-12,2020-8-1,2020-8
674455,19274,455,08,13,2020,2020-8-13,2020-8-1,2020-8
686122,11667,289,08,14,2020,2020-8-14,2020-8-1,2020-8
697530,11408,167,08,15,2020,2020-8-15,2020-8-1,2020-8
699493,1963,72,08,16,2020,2020-8-16,2020-8-1,2020-8
702665,3172,47,08,17,2020,2020-8-17,2020-8-1,2020-8
711530,8865,416,08,18,2020,2020-8-18,2020-8-1,2020-8
721377,9847,276,08,19,2020,2020-8-19,2020-8-1,2020-8
730828,9451,314,08,20,2020,2020-8-20,2020-8-1,2020-8
735960,5132,250,08,21,2020,2020-8-21,2020-8-1,2020-8
749244,13284,237,08,22,2020,2020-8-22,2020-8-1,2020-8
754129,4885,75,08,23,2020,2020-8-23,2020-8-1,2020-8
756480,2351,38,08,24,2020,2020-8-24,2020-8-1,2020-8
765670,9190,407,08,25,2020,2020-8-25,2020-8-1,2020-8
776135,10465,282,08,26,2020,2020-8-26,2020-8-1,2020-8
784453,8318,221,08,27,2020,2020-8-27,2020-8-1,2020-8
796209,11756,279,08,28,2020,2020-8-28,2020-8-1,2020-8
801422,5213,250,08,29,2020,2020-8-29,2020-8-1,2020-8
803404,1982,34,08,30,2020,2020-8-30,2020-8-1,2020-8
804342,938,36,08,31,2020,2020-8-31,2020-8-1,2020-8
814375,10033,361,09,1,2020,2020-9-1,2020-9-1,2020-9
826331,11956,298,09,2,2020,2020-9-2,2020-9-1,2020-9
837978,11647,232,09,3,2020,2020-9-3,2020-9-1,2020-9
845016,7038,186,09,4,2020,2020-9-4,2020-9-1,2020-9
853085,8069,222,09,5,2020,2020-9-5,2020-9-1,2020-9
855722,2637,40,09,6,2020,2020-9-6,2020-9-1,2020-9
857330,1608,24,09,7,2020,2020-9-7,2020-9-1,2020-9
858783,1453,53,09,8,2020,2020-9-8,2020-9-1,2020-9
866576,7793,391,09,9,2020,2020-9-9,2020-9-1,2020-9
874754,8178,283,09,10,2020,2020-9-10,2020-9-1,2020-9
882809,8055,234,09,11,2020,2020-9-11,2020-9-1,2020-9
890690,7881,229,09,12,2020,2020-9-12,2020-9-1,2020-9
892257,1567,39,09,13,2020,2020-9-13,2020-9-1,2020-9
893349,1092,36,09,14,2020,2020-9-14,2020-9-1,2020-9
901271,7922,321,09,15,2020,2020-9-15,2020-9-1,2020-9
909428,8157,290,09,16,2020,2020-9-16,2020-9-1,2020-9
916821,7393,219,09,17,2020,2020-9-17,2020-9-1,2020-9
924532,7711,206,09,18,2020,2020-9-18,2020-9-1,2020-9
931673,7141,249,09,19,2020,2020-9-19,2020-9-1,2020-9
935300,3627,25,09,20,2020,2020-9-20,2020-9-1,2020-9
937332,2032,32,09,21,2020,2020-9-21,2020-9-1,2020-9
945422,8090,282,09,22,2020,2020-9-22,2020-9-1,2020-9
951973,6551,226,09,23,2020,2020-9-23,2020-9-1,2020-9
958240,6267,185,09,24,2020,2020-9-24,2020-9-1,2020-9
964921,6681,200,09,25,2020,2020-9-25,2020-9-1,2020-9
970888,5967,186,09,26,2020,2020-9-26,2020-9-1,2020-9
972237,1349,45,09,27,2020,2020-9-27,2020-9-1,2020-9
973142,905,17,09,28,2020,2020-9-28,2020-9-1,2020-9
979519,6377,266,09,29,2020,2020-9-29,2020-9-1,2020-9
985628,6109,231,09,30,2020,2020-9-30,2020-9-1,2020-9
991725,6097,182,10,1,2020,2020-10-1,2020-10-1,2020-10
997333,5608,152,10,2,2020,2020-10-2,2020-10-1,2020-10
1003429,6096,180,10,3,2020,2020-10-3,2020-10-1,2020-10
1003902,473,42,10,4,2020,2020-10-4,2020-10-1,2020-10
1004579,677,42,10,5,2020,2020-10-5,2020-10-1,2020-10
1010839,6260,270,10,6,2020,2020-10-6,2020-10-1,2020-10
1016755,5916,179,10,7,2020,2020-10-7,2020-10-1,2020-10
1022404,5649,215,10,8,2020,2020-10-8,2020-10-1,2020-10
1028190,5786,184,10,9,2020,2020-10-9,2020-10-1,2020-10
1034816,6626,155,10,10,2020,2020-10-10,2020-10-1,2020-10
1037660,2844,33,10,11,2020,2020-10-11,2020-10-1,2020-10
1038344,684,23,10,12,2020,2020-10-12,2020-10-1,2020-10
1039029,685,35,10,13,2020,2020-10-13,2020-10-1,2020-10
1045060,6031,227,10,14,2020,2020-10-14,2020-10-1,2020-10
1051613,6553,149,10,15,2020,2020-10-15,2020-10-1,2020-10
1057240,5627,180,10,16,2020,2020-10-16,2020-10-1,2020-10
1062634,5394,122,10,17,2020,2020-10-17,2020-10-1,2020-10
1063602,968,28,10,18,2020,2020-10-18,2020-10-1,2020-10
1064039,437,15,10,19,2020,2020-10-19,2020-10-1,2020-10
1068962,4923,211,10,20,2020,2020-10-20,2020-10-1,2020-10
1073261,4299,125,10,21,2020,2020-10-21,2020-10-1,2020-10
1076939,3678,111,10,22,2020,2020-10-22,2020-10-1,2020-10
1083641,6702,126,10,23,2020,2020-10-23,2020-10-1,2020-10
1089255,5614,118,10,24,2020,2020-10-24,2020-10-1,2020-10
1091980,2725,21,10,25,2020,2020-10-25,2020-10-1,2020-10
1092843,863,6,10,26,2020,2020-10-26,2020-10-1,2020-10
1098207,5364,132,10,27,2020,2020-10-27,2020-10-1,2020-10
1103582,5375,122,10,28,2020,2020-10-28,2020-10-1,2020-10
1108860,5278,112,10,29,2020,2020-10-29,2020-10-1,2020-10
1113788,4928,136,10,30,2020,2020-10-30,2020-10-1,2020-10
1116127,2339,56,10,31,2020,2020-10-31,2020-10-1,2020-10
1117147,1020,20,11,1,2020,2020-11-1,2020-11-1,2020-11
1117795,648,15,11,2,2020,2020-11-2,2020-11-1,2020-11
1118544,749,18,11,3,2020,2020-11-3,2020-11-1,2020-11
1123299,4755,185,11,4,2020,2020-11-4,2020-11-1,2020-11
1125936,2637,168,11,5,2020,2020-11-5,2020-11-1,2020-11
1125936,0,0,11,6,2020,2020-11-6,2020-11-1,2020-11
1125936,0,0,11,7,2020,2020-11-7,2020-11-1,2020-11
1125936,0,0,11,8,2020,2020-11-8,2020-11-1,2020-11
1125936,0,0,11,9,2020,2020-11-9,2020-11-1,2020-11
1147451,21515,0,11,10,2020,2020-11-10,2020-11-1,2020-11
1150872,3421,190,11,11,2020,2020-11-11,2020-11-1,2020-11
1156652,5780,295,11,12,2020,2020-11-12,2020-11-1,2020-11
1162782,6130,0,11,13,2020,2020-11-13,2020-11-1,2020-11
1167422,4640,347,11,14,2020,2020-11-14,2020-11-1,2020-11
1168640,1218,15,11,15,2020,2020-11-15,2020-11-1,2020-11
1169377,737,12,11,16,2020,2020-11-16,2020-11-1,2020-11
1178075,8698,173,11,17,2020,2020-11-17,2020-11-1,2020-11
1184496,6421,178,11,18,2020,2020-11-18,2020-11-1,2020-11
1191290,6794,147,11,19,2020,2020-11-19,2020-11-1,2020-11
1200348,9058,105,11,20,2020,2020-11-20,2020-11-1,2020-11
1205435,5087,77,11,21,2020,2020-11-21,2020-11-1,2020-11
1209588,4153,11,11,22,2020,2020-11-22,2020-11-1,2020-11
1210625,1037,9,11,23,2020,2020-11-23,2020-11-1,2020-11
1215844,5219,179,11,24,2020,2020-11-24,2020-11-1,2020-11
1224744,8900,146,11,25,2020,2020-11-25,2020-11-1,2020-11
1229267,4523,172,11,26,2020,2020-11-26,2020-11-1,2020-11
1233587,4320,129,11,27,2020,2020-11-27,2020-11-1,2020-11
1238094,4507,146,11,28,2020,2020-11-28,2020-11-1,2020-11
1240473,2379,28,11,29,2020,2020-11-29,2020-11-1,2020-11
1241653,1180,19,11,30,2020,2020-11-30,2020-11-1,2020-11
1250590,8937,195,12,1,2020,2020-12-1,2020-12-1,2020-12
1259704,9114,166,12,2,2020,2020-12-2,2020-12-1,2020-12
1267912,8208,181,12,3,2020,2020-12-3,2020-12-1,2020-12
1276149,8237,151,12,4,2020,2020-12-4,2020-12-1,2020-12
1285087,8938,181,12,5,2020,2020-12-5,2020-12-1,2020-12
1287762,2675,46,12,6,2020,2020-12-6,2020-12-1,2020-12
1288878,1116,25,12,7,2020,2020-12-7,2020-12-1,2020-12
1296801,7923,242,12,8,2020,2020-12-8,2020-12-1,2020-12
1306585,9784,179,12,9,2020,2020-12-9,2020-12-1,2020-12
1316371,9786,200,12,10,2020,2020-12-10,2020-12-1,2020-12
1325162,8791,141,12,11,2020,2020-12-11,2020-12-1,2020-12
1333763,8601,169,12,12,2020,2020-12-12,2020-12-1,2020-12
1334703,940,47,12,13,2020,2020-12-13,2020-12-1,2020-12
1337016,2313,32,12,14,2020,2020-12-14,2020-12-1,2020-12
1341428,4412,232,12,15,2020,2020-12-15,2020-12-1,2020-12
1341428,0,0,12,16,2020,2020-12-16,2020-12-1,2020-12
1361731,20303,399,12,17,2020,2020-12-17,2020-12-1,2020-12
1371653,9922,197,12,18,2020,2020-12-18,2020-12-1,2020-12
1384100,12447,151,12,19,2020,2020-12-19,2020-12-1,2020-12
1384100,0,0,12,20,2020,2020-12-20,2020-12-1,2020-12
1388043,3943,107,12,21,2020,2020-12-21,2020-12-1,2020-12
1398757,10714,259,12,22,2020,2020-12-22,2020-12-1,2020-12
1409140,10383,181,12,23,2020,2020-12-23,2020-12-1,2020-12
1418491,9351,182,12,24,2020,2020-12-24,2020-12-1,2020-12
1422087,3596,37,12,25,2020,2020-12-25,2020-12-1,2020-12
1423340,1253,13,12,26,2020,2020-12-26,2020-12-1,2020-12
1426176,2836,55,12,27,2020,2020-12-27,2020-12-1,2020-12
1427752,1576,39,12,28,2020,2020-12-28,2020-12-1,2020-12
1440229,12477,293,12,29,2020,2020-12-29,2020-12-1,2020-12
1452078,11849,282,12,30,2020,2020-12-30,2020-12-1,2020-12
1462297,10219,240,12,31,2020,2020-12-31,2020-12-1,2020-12
1466191,3894,58,01,1,2021,2021-1-1,2021-1-1,2021-1
1467953,1762,33,01,2,2021,2021-1-2,2021-1-1,2021-1
1471422,3469,37,01,3,2021,2021-1-3,2021-1-1,2021-1
1473670,2248,43,01,4,2021,2021-1-4,2021-1-1,2021-1
1486551,12881,334,01,5,2021,2021-1-5,2021-1-1,2021-1
1501085,14534,289,01,6,2021,2021-1-6,2021-1-1,2021-1
1515158,14073,257,01,7,2021,2021-1-7,2021-1-1,2021-1
1528952,13794,261,01,8,2021,2021-1-8,2021-1-1,2021-1
1540513,11561,269,01,9,2021,2021-1-9,2021-1-1,2021-1
1546132,5619,53,01,10,2021,2021-1-10,2021-1-1,2021-1
1549142,3010,28,01,11,2021,2021-1-11,2021-1-1,2021-1
1561844,12702,283,01,12,2021,2021-1-12,2021-1-1,2021-1
1577119,15275,323,01,13,2021,2021-1-13,2021-1-1,2021-1
1590829,13710,304,01,14,2021,2021-1-14,2021-1-1,2021-1
1605845,15016,311,01,15,2021,2021-1-15,2021-1-1,2021-1
1619619,13774,285,01,16,2021,2021-1-16,2021-1-1,2021-1
1625339,5720,60,01,17,2021,2021-1-17,2021-1-1,2021-1
1628272,2933,42,01,18,2021,2021-1-18,2021-1-1,2021-1
1644225,15953,331,01,19,2021,2021-1-19,2021-1-1,2021-1
1658636,14411,334,01,20,2021,2021-1-20,2021-1-1,2021-1
1670754,12118,286,01,21,2021,2021-1-21,2021-1-1,2021-1
1679759,9005,254,01,22,2021,2021-1-22,2021-1-1,2021-1
1694355,14596,231,01,23,2021,2021-1-23,2021-1-1,2021-1
1699427,5072,79,01,24,2021,2021-1-24,2021-1-1,2021-1
1702294,2867,54,01,25,2021,2021-1-25,2021-1-1,2021-1
1715253,12959,282,01,26,2021,2021-1-26,2021-1-1,2021-1
1731294,16041,332,01,27,2021,2021-1-27,2021-1-1,2021-1
1746070,14776,311,01,28,2021,2021-1-28,2021-1-1,2021-1
1759957,13887,241,01,29,2021,2021-1-29,2021-1-1,2021-1
1773024,13067,232,01,30,2021,2021-1-30,2021-1-1,2021-1
1777368,4344,80,01,31,2021,2021-1-31,2021-1-1,2021-1
1779722,2354,56,02,1,2021,2021-2-1,2021-2-1,2021-2
1794019,14297,365,02,2,2021,2021-2-2,2021-2-1,2021-2
1807009,12990,249,02,3,2021,2021-2-3,2021-2-1,2021-2
1820941,13932,293,02,4,2021,2021-2-4,2021-2-1,2021-2
1833163,12222,327,02,5,2021,2021-2-5,2021-2-1,2021-2
1845086,11923,221,02,6,2021,2021-2-6,2021-2-1,2021-2
1849334,4248,69,02,7,2021,2021-2-7,2021-2-1,2021-2
1851776,2442,49,02,8,2021,2021-2-8,2021-2-1,2021-2
1864977,13201,424,02,9,2021,2021-2-9,2021-2-1,2021-2
1878802,13825,332,02,10,2021,2021-2-10,2021-2-1,2021-2
1889969,11167,323,02,11,2021,2021-2-11,2021-2-1,2021-2
1901574,11605,229,02,12,2021,2021-2-12,2021-2-1,2021-2
1911411,9837,220,02,13,2021,2021-2-13,2021-2-1,2021-2
1913598,2187,75,02,14,2021,2021-2-14,2021-2-1,2021-2
1915914,2316,38,02,15,2021,2021-2-15,2021-2-1,2021-2
1927410,11496,398,02,16,2021,2021-2-16,2021-2-1,2021-2
1938712,11302,258,02,17,2021,2021-2-17,2021-2-1,2021-2
1949459,10747,280,02,18,2021,2021-2-18,2021-2-1,2021-2
1960564,11105,259,02,19,2021,2021-2-19,2021-2-1,2021-2
1971423,10859,244,02,20,2021,2021-2-20,2021-2-1,2021-2
1975927,4504,56,02,21,2021,2021-2-21,2021-2-1,2021-2
1978477,2550,43,02,22,2021,2021-2-22,2021-2-1,2021-2
1990554,12077,357,02,23,2021,2021-2-23,2021-2-1,2021-2
2002640,12086,329,02,24,2021,2021-2-24,2021-2-1,2021-2
2014529,11889,345,02,25,2021,2021-2-25,2021-2-1,2021-2
2026125,11596,256,02,26,2021,2021-2-26,2021-2-1,2021-2
2037267,11142,299,02,27,2021,2021-2-27,2021-2-1,2021-2
2041628,4361,65,02,28,2021,2021-2-28,2021-2-1,2021-2
2044699,3071,53,03,1,2021,2021-3-1,2021-3-1,2021-3
2054867,10168,468,03,2,2021,2021-3-2,2021-3-1,2021-3
2068616,13749,367,03,3,2021,2021-3-3,2021-3-1,2021-3
2080852,12236,313,03,4,2021,2021-3-4,2021-3-1,2021-3
2093924,13072,370,03,5,2021,2021-3-5,2021-3-1,2021-3
2107687,13763,353,03,6,2021,2021-3-6,2021-3-1,2021-3
2113738,6051,46,03,7,2021,2021-3-7,2021-3-1,2021-3
2117962,4224,121,03,8,2021,2021-3-8,2021-3-1,2021-3
2134020,16058,517,03,9,2021,2021-3-9,2021-3-1,2021-3
2149561,15541,469,03,10,2021,2021-3-10,2021-3-1,2021-3
2164066,14505,440,03,11,2021,2021-3-11,2021-3-1,2021-3
2179786,15720,521,03,12,2021,2021-3-12,2021-3-1,2021-3
2195130,15344,434,03,13,2021,2021-3-13,2021-3-1,2021-3
2202983,7853,158,03,14,2021,2021-3-14,2021-3-1,2021-3
2208242,5259,100,03,15,2021,2021-3-15,2021-3-1,2021-3
2225926,17684,679,03,16,2021,2021-3-16,2021-3-1,2021-3
2243868,17942,617,03,17,2021,2021-3-17,2021-3-1,2021-3
2261360,17492,659,03,18,2021,2021-3-18,2021-3-1,2021-3
2280033,18673,620,03,19,2021,2021-3-19,2021-3-1,2021-3
2298061,18028,616,03,20,2021,2021-3-20,2021-3-1,2021-3
2306326,8265,144,03,21,2021,2021-3-21,2021-3-1,2021-3
2311101,4775,44,03,22,2021,2021-3-22,2021-3-1,2021-3
2332043,20942,1021,03,23,2021,2021-3-23,2021-3-1,2021-3
2352438,20395,281,03,24,2021,2021-3-24,2021-3-1,2021-3
2370885,18447,599,03,25,2021,2021-3-25,2021-3-1,2021-3
2392374,21489,1193,03,26,2021,2021-3-26,2021-3-1,2021-3
2410498,18124,1051,03,27,2021,2021-3-27,2021-3-1,2021-3
2420100,9602,244,03,28,2021,2021-3-28,2021-3-1,2021-3
2425320,5220,292,03,29,2021,2021-3-29,2021-3-1,2021-3
2446680,21360,1209,03,30,2021,2021-3-30,2021-3-1,2021-3
2469849,23169,1160,03,31,2021,2021-3-31,2021-3-1,2021-3
2496416,26567,1082,04,1,2021,2021-4-1,2021-4-1,2021-4
2513178,16762,818,04,2,2021,2021-4-2,2021-4-1,2021-4
2520204,7026,198,04,3,2021,2021-4-3,2021-4-1,2021-4
2527400,7196,270,04,4,2021,2021-4-4,2021-4-1,2021-4
2532047,4647,145,04,5,2021,2021-4-5,2021-4-1,2021-4
2554841,22794,1389,04,6,2021,2021-4-6,2021-4-1,2021-4
2576362,21521,889,04,7,2021,2021-4-7,2021-4-1,2021-4
2597366,21004,1299,04,8,2021,2021-4-8,2021-4-1,2021-4
2618067,20701,1008,04,9,2021,2021-4-9,2021-4-1,2021-4
2635378,17311,657,04,10,2021,2021-4-10,2021-4-1,2021-4
2643534,8156,510,04,11,2021,2021-4-11,2021-4-1,2021-4
2648844,5310,181,04,12,2021,2021-4-12,2021-4-1,2021-4
2667241,18397,1282,04,13,2021,2021-4-13,2021-4-1,2021-4
2686031,18790,1095,04,14,2021,2021-4-14,2021-4-1,2021-4
2704098,18067,1060,04,15,2021,2021-4-15,2021-4-1,2021-4
2722077,17979,791,04,16,2021,2021-4-16,2021-4-1,2021-4
2739823,17746,771,04,17,2021,2021-4-17,2021-4-1,2021-4
2746217,6394,253,04,18,2021,2021-4-18,2021-4-1,2021-4
2750300,4083,178,04,19,2021,2021-4-19,2021-4-1,2021-4
2769360,19060,1122,04,20,2021,2021-4-20,2021-4-1,2021-4
2786483,17123,977,04,21,2021,2021-4-21,2021-4-1,2021-4
2793750,7267,183,04,22,2021,2021-4-22,2021-4-1,2021-4
2811562,17812,863,04,23,2021,2021-4-23,2021-4-1,2021-4
2827833,16271,875,04,24,2021,2021-4-24,2021-4-1,2021-4
2834321,6488,145,04,25,2021,2021-4-25,2021-4-1,2021-4
2838233,3912,105,04,26,2021,2021-4-26,2021-4-1,2021-4
2856225,17992,1044,04,27,2021,2021-4-27,2021-4-1,2021-4
2873238,17013,814,04,28,2021,2021-4-28,2021-4-1,2021-4
2888158,14920,876,04,29,2021,2021-4-29,2021-4-1,2021-4
2903709,15551,659,04,30,2021,2021-4-30,2021-4-1,2021-4
2918044,14335,750,05,1,2021,2021-5-1,2021-5-1,2021-5
2923367,5323,117,05,2,2021,2021-5-2,2021-5-1,2021-5
2926516,3149,114,05,3,2021,2021-5-3,2021-5-1,2021-5
2941980,15464,849,05,4,2021,2021-5-4,2021-5-1,2021-5
2956210,14230,689,05,5,2021,2021-5-5,2021-5-1,2021-5
2969680,13470,696,05,6,2021,2021-5-6,2021-5-1,2021-5
2984182,14502,583,05,7,2021,2021-5-7,2021-5-1,2021-5
2997282,13100,660,05,8,2021,2021-5-8,2021-5-1,2021-5
3003067,5785,150,05,9,2021,2021-5-9,2021-5-1,2021-5
3006250,3183,55,05,10,2021,2021-5-10,2021-5-1,2021-5
3022568,16318,806,05,11,2021,2021-5-11,2021-5-1,2021-5
3038240,15672,696,05,12,2021,2021-5-12,2021-5-1,2021-5
3053889,15649,578,05,13,2021,2021-5-13,2021-5-1,2021-5
3069804,15915,559,05,14,2021,2021-5-14,2021-5-1,2021-5
3085290,15486,502,05,15,2021,2021-5-15,2021-5-1,2021-5
3092844,7554,224,05,16,2021,2021-5-16,2021-5-1,2021-5
3096845,4001,76,05,17,2021,2021-5-17,2021-5-1,2021-5
3112624,15779,810,05,18,2021,2021-5-18,2021-5-1,2021-5
3129412,16788,747,05,19,2021,2021-5-19,2021-5-1,2021-5
3147348,17936,585,05,20,2021,2021-5-20,2021-5-1,2021-5
3163859,16511,580,05,21,2021,2021-5-21,2021-5-1,2021-5
3180595,16736,480,05,22,2021,2021-5-22,2021-5-1,2021-5
3188105,7510,117,05,23,2021,2021-5-23,2021-5-1,2021-5
3192727,4622,63,05,24,2021,2021-5-24,2021-5-1,2021-5
3210204,17477,898,05,25,2021,2021-5-25,2021-5-1,2021-5
3226875,16671,666,05,26,2021,2021-5-26,2021-5-1,2021-5
3239657,12782,609,05,27,2021,2021-5-27,2021-5-1,2021-5
3241240,1583,703,05,28,2021,2021-5-28,2021-5-1,2021-5
3254893,13653,570,05,29,2021,2021-5-29,2021-5-1,2021-5
3265930,11037,181,05,30,2021,2021-5-30,2021-5-1,2021-5
3272043,6113,70,05,31,2021,2021-5-31,2021-5-1,2021-5
3291509,19466,836,06,1,2021,2021-6-1,2021-6-1,2021-6
3314631,23122,717,06,2,2021,2021-6-2,2021-6-1,2021-6
3334364,19733,514,06,3,2021,2021-6-3,2021-6-1,2021-6
3338262,3898,33,06,4,2021,2021-6-4,2021-6-1,2021-6
3355201,16939,718,06,5,2021,2021-6-5,2021-6-1,2021-6
3365160,9959,212,06,6,2021,2021-6-6,2021-6-1,2021-6
3370234,5074,138,06,7,2021,2021-6-7,2021-6-1,2021-6
3378256,8022,767,06,8,2021,2021-6-8,2021-6-1,2021-6
3382448,4192,651,06,9,2021,2021-6-9,2021-6-1,2021-6
3405481,23033,733,06,10,2021,2021-6-10,2021-6-1,2021-6
3428356,22875,651,06,11,2021,2021-6-11,2021-6-1,2021-6
3449577,21221,543,06,12,2021,2021-6-12,2021-6-1,2021-6
3458849,9272,234,06,13,2021,2021-6-13,2021-6-1,2021-6
3464158,5309,92,06,14,2021,2021-6-14,2021-6-1,2021-6
3487385,23227,897,06,15,2021,2021-6-15,2021-6-1,2021-6
3509967,22582,795,06,16,2021,2021-6-16,2021-6-1,2021-6
3525021,15054,619,06,17,2021,2021-6-17,2021-6-1,2021-6
3552727,27706,714,06,18,2021,2021-6-18,2021-6-1,2021-6
3573210,20483,722,06,19,2021,2021-6-19,2021-6-1,2021-6
3582792,9582,200,06,20,2021,2021-6-20,2021-6-1,2021-6
3587646,4854,98,06,21,2021,2021-6-21,2021-6-1,2021-6
3610743,23097,843,06,22,2021,2021-6-22,2021-6-1,2021-6
3630251,19508,724,06,23,2021,2021-6-23,2021-6-1,2021-6
3648202,17951,781,06,24,2021,2021-6-24,2021-6-1,2021-6
3669196,20994,772,06,25,2021,2021-6-25,2021-6-1,2021-6
3688128,18932,538,06,26,2021,2021-6-26,2021-6-1,2021-6
3696093,7965,134,06,27,2021,2021-6-27,2021-6-1,2021-6
3700378,4285,62,06,28,2021,2021-6-28,2021-6-1,2021-6
3719586,19208,825,06,29,2021,2021-6-29,2021-6-1,2021-6
3727348,7762,744,06,30,2021,2021-6-30,2021-6-1,2021-6
3743291,15943,641,07,1,2021,2021-7-1,2021-7-1,2021-7
3762758,19467,599,07,2,2021,2021-7-2,2021-7-1,2021-7
3779408,16650,532,07,3,2021,2021-7-3,2021-7-1,2021-7
3785859,6451,156,07,4,2021,2021-7-4,2021-7-1,2021-7
3790090,4231,66,07,5,2021,2021-7-5,2021-7-1,2021-7
3809222,19132,714,07,6,2021,2021-7-6,2021-7-1,2021-7
3824111,14889,546,07,7,2021,2021-7-7,2021-7-1,2021-7
3838564,14453,543,07,8,2021,2021-7-8,2021-7-1,2021-7
3853276,14712,482,07,9,2021,2021-7-9,2021-7-1,2021-7
3860960,7684,105,07,10,2021,2021-7-10,2021-7-1,2021-7
3866178,5218,75,07,11,2021,2021-7-11,2021-7-1,2021-7
3869300,3122,65,07,12,2021,2021-7-12,2021-7-1,2021-7
3879846,10546,640,07,13,2021,2021-7-13,2021-7-1,2021-7
3896083,16237,519,07,14,2021,2021-7-14,2021-7-1,2021-7
3908279,12196,537,07,15,2021,2021-7-15,2021-7-1,2021-7
3919754,11475,419,07,16,2021,2021-7-16,2021-7-1,2021-7
3936849,17095,448,07,17,2021,2021-7-17,2021-7-1,2021-7
3939632,2783,35,07,18,2021,2021-7-18,2021-7-1,2021-7
3942776,3144,97,07,19,2021,2021-7-19,2021-7-1,2021-7
3947574,4798,590,07,20,2021,2021-7-20,2021-7-1,2021-7
3966009,18435,483,07,21,2021,2021-7-21,2021-7-1,2021-7
3979102,13093,493,07,22,2021,2021-7-22,2021-7-1,2021-7
3991188,12086,418,07,23,2021,2021-7-23,2021-7-1,2021-7
3997084,5896,327,07,24,2021,2021-7-24,2021-7-1,2021-7
4001078,3994,25,07,25,2021,2021-7-25,2021-7-1,2021-7
4003549,2471,37,07,26,2021,2021-7-26,2021-7-1,2021-7
4015426,11877,467,07,27,2021,2021-7-27,2021-7-1,2021-7
4027062,11636,361,07,28,2021,2021-7-28,2021-7-1,2021-7
4038375,11313,335,07,29,2021,2021-7-29,2021-7-1,2021-7
4048478,10103,266,07,30,2021,2021-7-30,2021-7-1,2021-7
4057868,9390,294,07,31,2021,2021-7-31,2021-7-1,2021-7
4061741,3873,43,08,1,2021,2021-8-1,2021-8-1,2021-8
4063680,1939,20,08,2,2021,2021-8-2,2021-8-1,2021-8
4073622,9942,405,08,3,2021,2021-8-3,2021-8-1,2021-8
4084112,10490,406,08,4,2021,2021-8-4,2021-8-1,2021-8
4094211,10099,265,08,5,2021,2021-8-5,2021-8-1,2021-8
4104768,10557,293,08,6,2021,2021-8-6,2021-8-1,2021-8
4113741,8973,249,08,7,2021,2021-8-7,2021-8-1,2021-8
4117467,3726,78,08,8,2021,2021-8-8,2021-8-1,2021-8
4119265,1798,54,08,9,2021,2021-8-9,2021-8-1,2021-8
4129720,10455,468,08,10,2021,2021-8-10,2021-8-1,2021-8
4138421,8701,387,08,11,2021,2021-8-11,2021-8-1,2021-8
4147665,9244,294,08,12,2021,2021-8-12,2021-8-1,2021-8
4156563,8898,241,08,13,2021,2021-8-13,2021-8-1,2021-8
4164587,8024,329,08,14,2021,2021-8-14,2021-8-1,2021-8
4168493,3906,60,08,15,2021,2021-8-15,2021-8-1,2021-8
4170541,2048,21,08,16,2021,2021-8-16,2021-8-1,2021-8
4179148,8607,526,08,17,2021,2021-8-17,2021-8-1,2021-8
4187465,8317,336,08,18,2021,2021-8-18,2021-8-1,2021-8
4195466,8001,281,08,19,2021,2021-8-19,2021-8-1,2021-8
4202577,7111,261,08,20,2021,2021-8-20,2021-8-1,2021-8
4209421,6844,172,08,21,2021,2021-8-21,2021-8-1,2021-8
4212611,3190,31,08,22,2021,2021-8-22,2021-8-1,2021-8
4214553,1942,27,08,23,2021,2021-8-23,2021-8-1,2021-8
4222902,8349,267,08,24,2021,2021-8-24,2021-8-1,2021-8
4229600,6698,257,08,25,2021,2021-8-25,2021-8-1,2021-8
4236436,6836,245,08,26,2021,2021-8-26,2021-8-1,2021-8
4244071,7635,304,08,27,2021,2021-8-27,2021-8-1,2021-8
4250474,6403,183,08,28,2021,2021-8-28,2021-8-1,2021-8
4253516,3042,23,08,29,2021,2021-8-29,2021-8-1,2021-8
4255324,1808,36,08,30,2021,2021-8-30,2021-8-1,2021-8
4262684,7360,278,08,31,2021,2021-8-31,2021-8-1,2021-8
4269138,6454,179,09,1,2021,2021-9-1,2021-9-1,2021-9
4275258,6120,164,09,2,2021,2021-9-2,2021-9-1,2021-9
4281972,6714,169,09,3,2021,2021-9-3,2021-9-1,2021-9
4288443,6471,178,09,4,2021,2021-9-4,2021-9-1,2021-9
4290459,2016,23,09,5,2021,2021-9-5,2021-9-1,2021-9
4291993,1534,18,09,6,2021,2021-9-6,2021-9-1,2021-9
4295149,3156,28,09,7,2021,2021-9-7,2021-9-1,2021-9
4297229,2080,15,09,8,2021,2021-9-8,2021-9-1,2021-9
4298180,951,218,09,9,2021,2021-9-9,2021-9-1,2021-9
4298851,671,192,09,10,2021,2021-9-10,2021-9-1,2021-9
4299629,778,178,09,11,2021,2021-9-11,2021-9-1,2021-9
4300307,678,38,09,12,2021,2021-9-12,2021-9-1,2021-9
4300644,337,22,09,13,2021,2021-9-13,2021-9-1,2021-9
4301525,881,186,09,14,2021,2021-9-14,2021-9-1,2021-9
4302511,986,197,09,15,2021,2021-9-15,2021-9-1,2021-9
4325189,22678,170,09,16,2021,2021-9-16,2021-9-1,2021-9
4348775,23586,133,09,17,2021,2021-9-17,2021-9-1,2021-9
4350223,1448,135,09,18,2021,2021-9-18,2021-9-1,2021-9
4350530,307,20,09,19,2021,2021-9-19,2021-9-1,2021-9
4351001,471,5,09,20,2021,2021-9-20,2021-9-1,2021-9
4352832,1831,191,09,21,2021,2021-9-21,2021-9-1,2021-9
4354658,1826,200,09,22,2021,2021-9-22,2021-9-1,2021-9
4356590,1932,193,09,23,2021,2021-9-23,2021-9-1,2021-9
4358788,2198,215,09,24,2021,2021-9-24,2021-9-1,2021-9
4360548,1760,175,09,25,2021,2021-9-25,2021-9-1,2021-9
4360931,383,31,09,26,2021,2021-9-26,2021-9-1,2021-9
4361331,400,18,09,27,2021,2021-9-27,2021-9-1,2021-9
4363122,1791,253,09,28,2021,2021-9-28,2021-9-1,2021-9
4364582,1460,241,09,29,2021,2021-9-29,2021-9-1,2021-9
4366132,1550,189,09,30,2021,2021-9-30,2021-9-1,2021-9
4367748,1616,143,10,1,2021,2021-10-1,2021-10-1,2021-10
4369061,1313,97,10,2,2021,2021-10-2,2021-10-1,2021-10
4369538,477,14,10,3,2021,2021-10-3,2021-10-1,2021-10
4369743,205,22,10,4,2021,2021-10-4,2021-10-1,2021-10
4373508,3765,143,10,5,2021,2021-10-5,2021-10-1,2021-10
4375187,1679,172,10,6,2021,2021-10-6,2021-10-1,2021-10
4376700,1513,139,10,7,2021,2021-10-7,2021-10-1,2021-10
4378139,1439,90,10,8,2021,2021-10-8,2021-10-1,2021-10
4382863,4724,98,10,9,2021,2021-10-9,2021-10-1,2021-10
4383381,518,28,10,10,2021,2021-10-10,2021-10-1,2021-10
4383780,399,33,10,11,2021,2021-10-11,2021-10-1,2021-10
4384190,410,37,10,12,2021,2021-10-12,2021-10-1,2021-10
4384416,226,9,10,13,2021,2021-10-13,2021-10-1,2021-10
4386346,1930,103,10,14,2021,2021-10-14,2021-10-1,2021-10
4388031,1685,79,10,15,2021,2021-10-15,2021-10-1,2021-10
4389479,1448,90,10,16,2021,2021-10-16,2021-10-1,2021-10
4389848,369,19,10,17,2021,2021-10-17,2021-10-1,2021-10
4390006,158,3,10,18,2021,2021-10-18,2021-10-1,2021-10
4391302,1296,81,10,19,2021,2021-10-19,2021-10-1,2021-10
4393050,1748,87,10,20,2021,2021-10-20,2021-10-1,2021-10
4394675,1625,89,10,21,2021,2021-10-21,2021-10-1,2021-10
4396904,2229,85,10,22,2021,2021-10-22,2021-10-1,2021-10
4398737,1833,69,10,23,2021,2021-10-23,2021-10-1,2021-10
4399007,270,4,10,24,2021,2021-10-24,2021-10-1,2021-10
4399216,209,1,10,25,2021,2021-10-25,2021-10-1,2021-10
4400932,1716,78,10,26,2021,2021-10-26,2021-10-1,2021-10
4402566,1634,59,10,27,2021,2021-10-27,2021-10-1,2021-10
4403856,1290,116,10,28,2021,2021-10-28,2021-10-1,2021-10
4404843,987,116,10,29,2021,2021-10-29,2021-10-1,2021-10
4405527,684,61,10,30,2021,2021-10-30,2021-10-1,2021-10
4406077,550,27,10,31,2021,2021-10-31,2021-10-1,2021-10
4406252,175,17,11,1,2021,2021-11-1,2021-11-1,2021-11
4406990,738,62,11,2,2021,2021-11-2,2021-11-1,2021-11
4407756,766,17,11,3,2021,2021-11-3,2021-11-1,2021-11
4409404,1648,124,11,4,2021,2021-11-4,2021-11-1,2021-11
4410875,1471,115,11,5,2021,2021-11-5,2021-11-1,2021-11
4412182,1307,179,11,6,2021,2021-11-6,2021-11-1,2021-11
4412882,700,11,11,7,2021,2021-11-7,2021-11-1,2021-11
4413241,359,0,11,8,2021,2021-11-8,2021-11-1,2021-11
4414187,946,2,11,9,2021,2021-11-9,2021-11-1,2021-11
4415745,1558,9,11,10,2021,2021-11-10,2021-11-1,2021-11
4417592,1847,1,11,11,2021,2021-11-11,2021-11-1,2021-11
4420263,2671,414,11,12,2021,2021-11-12,2021-11-1,2021-11
4421955,1692,105,11,13,2021,2021-11-13,2021-11-1,2021-11
4422424,469,1,11,14,2021,2021-11-14,2021-11-1,2021-11
4422590,166,7,11,15,2021,2021-11-15,2021-11-1,2021-11
4422923,333,1,11,16,2021,2021-11-16,2021-11-1,2021-11
4424893,1970,147,11,17,2021,2021-11-17,2021-11-1,2021-11
4426828,1935,85,11,18,2021,2021-11-18,2021-11-1,2021-11
4429036,2208,62,11,19,2021,2021-11-19,2021-11-1,2021-11
4430190,1154,99,11,20,2021,2021-11-20,2021-11-1,2021-11
4430977,787,12,11,21,2021,2021-11-21,2021-11-1,2021-11
4431196,219,5,11,22,2021,2021-11-22,2021-11-1,2021-11
4432720,1524,94,11,23,2021,2021-11-23,2021-11-1,2021-11
4433915,1195,68,11,24,2021,2021-11-24,2021-11-1,2021-11
4435125,1210,116,11,25,2021,2021-11-25,2021-11-1,2021-11
4436451,1326,124,11,26,2021,2021-11-26,2021-11-1,2021-11
4437386,935,114,11,27,2021,2021-11-27,2021-11-1,2021-11
4437843,457,9,11,28,2021,2021-11-28,2021-11-1,2021-11
4438012,169,4,11,29,2021,2021-11-29,2021-11-1,2021-11
4439105,1093,71,11,30,2021,2021-11-30,2021-11-1,2021-11
4440191,1086,82,12,1,2021,2021-12-1,2021-12-1,2021-12
4441578,1387,54,12,2,2021,2021-12-2,2021-12-1,2021-12
4442612,1034,66,12,3,2021,2021-12-3,2021-12-1,2021-12
4443589,977,69,12,4,2021,2021-12-4,2021-12-1,2021-12
4444413,824,14,12,5,2021,2021-12-5,2021-12-1,2021-12
4444626,213,7,12,6,2021,2021-12-6,2021-12-1,2021-12
4445942,1316,111,12,7,2021,2021-12-7,2021-12-1,2021-12
4447229,1287,91,12,8,2021,2021-12-8,2021-12-1,2021-12
4448466,1237,67,12,9,2021,2021-12-9,2021-12-1,2021-12
4449552,1086,53,12,10,2021,2021-12-10,2021-12-1,2021-12
4449552,0,0,12,11,2021,2021-12-11,2021-12-1,2021-12
4449552,0,0,12,12,2021,2021-12-12,2021-12-1,2021-12
4449552,0,0,12,13,2021,2021-12-13,2021-12-1,2021-12
4449552,0,0,12,14,2021,2021-12-14,2021-12-1,2021-12
4449552,0,0,12,15,2021,2021-12-15,2021-12-1,2021-12
4449552,0,0,12,16,2021,2021-12-16,2021-12-1,2021-12
4450042,490,259,12,17,2021,2021-12-17,2021-12-1,2021-12
4450144,102,51,12,18,2021,2021-12-18,2021-12-1,2021-12
4450142,-2,6,12,19,2021,2021-12-19,2021-12-1,2021-12
4450142,0,0,12,20,2021,2021-12-20,2021-12-1,2021-12
4450142,0,0,12,21,2021,2021-12-21,2021-12-1,2021-12
4450142,0,0,12,22,2021,2021-12-22,2021-12-1,2021-12
4450265,123,61,12,23,2021,2021-12-23,2021-12-1,2021-12
4450302,37,27,12,24,2021,2021-12-24,2021-12-1,2021-12
4450315,13,1,12,25,2021,2021-12-25,2021-12-1,2021-12
4450312,-3,-1,12,26,2021,2021-12-26,2021-12-1,2021-12
4450312,0,0,12,27,2021,2021-12-27,2021-12-1,2021-12
4450438,126,32,12,28,2021,2021-12-28,2021-12-1,2021-12
4450438,0,0,12,29,2021,2021-12-29,2021-12-1,2021-12
4455011,4573,59,12,30,2021,2021-12-30,2021-12-1,2021-12
4456108,1097,19,12,31,2021,2021-12-31,2021-12-1,2021-12
4456469,361,8,01,1,2022,2022-1-1,2022-1-1,2022-1
4456581,112,3,01,2,2022,2022-1-2,2022-1-1,2022-1
4456745,164,0,01,3,2022,2022-1-3,2022-1-1,2022-1
4458689,1944,26,01,4,2022,2022-1-4,2022-1-1,2022-1
4461651,2962,35,01,5,2022,2022-1-5,2022-1-1,2022-1
4464183,2532,0,01,6,2022,2022-1-6,2022-1-1,2022-1
4467399,3216,64,01,7,2022,2022-1-7,2022-1-1,2022-1
4470957,3558,23,01,8,2022,2022-1-8,2022-1-1,2022-1
4473190,2233,8,01,9,2022,2022-1-9,2022-1-1,2022-1
4474109,919,12,01,10,2022,2022-1-10,2022-1-1,2022-1
4478468,4359,36,01,11,2022,2022-1-11,2022-1-1,2022-1
4483053,4585,44,01,12,2022,2022-1-12,2022-1-1,2022-1
4488929,5876,53,01,13,2022,2022-1-13,2022-1-1,2022-1
4497401,8472,100,01,14,2022,2022-1-14,2022-1-1,2022-1
4498145,744,90,01,15,2022,2022-1-15,2022-1-1,2022-1
4500516,2371,22,01,16,2022,2022-1-16,2022-1-1,2022-1
4501846,1330,12,01,17,2022,2022-1-17,2022-1-1,2022-1
4513255,11409,117,01,18,2022,2022-1-18,2022-1-1,2022-1
4523521,10266,139,01,19,2022,2022-1-19,2022-1-1,2022-1
4534066,10545,168,01,20,2022,2022-1-20,2022-1-1,2022-1
4545225,11159,145,01,21,2022,2022-1-21,2022-1-1,2022-1
4557842,12617,124,01,22,2022,2022-1-22,2022-1-1,2022-1
4562990,5148,59,01,23,2022,2022-1-23,2022-1-1,2022-1
4565699,2709,58,01,24,2022,2022-1-24,2022-1-1,2022-1
4578916,13217,227,01,25,2022,2022-1-25,2022-1-1,2022-1
4592100,13184,172,01,26,2022,2022-1-26,2022-1-1,2022-1
4609121,17021,259,01,27,2022,2022-1-27,2022-1-1,2022-1
4624017,14896,285,01,28,2022,2022-1-28,2022-1-1,2022-1
4638360,14343,323,01,29,2022,2022-1-29,2022-1-1,2022-1
4646106,7746,37,01,30,2022,2022-1-30,2022-1-1,2022-1
4648715,2609,100,01,31,2022,2022-1-31,2022-1-1,2022-1
4665845,17130,206,02,1,2022,2022-2-1,2022-2-1,2022-2
4666941,1096,363,02,2,2022,2022-2-2,2022-2-1,2022-2
4704552,37611,349,02,3,2022,2022-2-3,2022-2-1,2022-2
4723087,18535,370,02,4,2022,2022-2-4,2022-2-1,2022-2
4740153,17066,294,02,5,2022,2022-2-5,2022-2-1,2022-2
4745504,5351,53,02,6,2022,2022-2-6,2022-2-1,2022-2
4749089,3585,26,02,7,2022,2022-2-7,2022-2-1,2022-2
4764785,15696,445,02,8,2022,2022-2-8,2022-2-1,2022-2
4782249,17464,482,02,9,2022,2022-2-9,2022-2-1,2022-2
4801295,19046,297,02,10,2022,2022-2-10,2022-2-1,2022-2
4821893,20598,317,02,11,2022,2022-2-11,2022-2-1,2022-2
4837857,15964,285,02,12,2022,2022-2-12,2022-2-1,2022-2
4844670,6813,48,02,13,2022,2022-2-13,2022-2-1,2022-2
4848816,4146,28,02,14,2022,2022-2-14,2022-2-1,2022-2
4864493,15677,251,02,15,2022,2022-2-15,2022-2-1,2022-2
4882294,17801,397,02,16,2022,2022-2-16,2022-2-1,2022-2
4898289,15995,352,02,17,2022,2022-2-17,2022-2-1,2022-2
4913098,14809,280,02,18,2022,2022-2-18,2022-2-1,2022-2
4929347,16249,337,02,19,2022,2022-2-19,2022-2-1,2022-2
4935771,6424,26,02,20,2022,2022-2-20,2022-2-1,2022-2
4938241,2470,23,02,21,2022,2022-2-21,2022-2-1,2022-2
4954240,15999,310,02,22,2022,2022-2-22,2022-2-1,2022-2
4969667,15427,298,02,23,2022,2022-2-23,2022-2-1,2022-2
4984895,15228,303,02,24,2022,2022-2-24,2022-2-1,2022-2
4999659,14764,211,02,25,2022,2022-2-25,2022-2-1,2022-2
5010949,11290,211,02,26,2022,2022-2-26,2022-2-1,2022-2
5015814,4865,7,02,27,2022,2022-2-27,2022-2-1,2022-2
5017453,1639,9,02,28,2022,2022-2-28,2022-2-1,2022-2
5020412,2959,81,03,1,2022,2022-3-1,2022-3-1,2022-3
5023390,2978,29,03,2,2022,2022-3-2,2022-3-1,2022-3
5033583,10193,193,03,3,2022,2022-3-3,2022-3-1,2022-3
5045451,11868,198,03,4,2022,2022-3-4,2022-3-1,2022-3
5057594,12143,242,03,5,2022,2022-3-5,2022-3-1,2022-3
5061077,3483,13,03,6,2022,2022-3-6,2022-3-1,2022-3
5062261,1184,7,03,7,2022,2022-3-7,2022-3-1,2022-3
5074665,12404,189,03,8,2022,2022-3-8,2022-3-1,2022-3
5087770,13105,183,03,9,2022,2022-3-9,2022-3-1,2022-3
5100545,12775,211,03,10,2022,2022-3-10,2022-3-1,2022-3
5112728,12183,103,03,11,2022,2022-3-11,2022-3-1,2022-3
5123695,10967,105,03,12,2022,2022-3-12,2022-3-1,2022-3
5128738,5043,7,03,13,2022,2022-3-13,2022-3-1,2022-3
5130044,1306,26,03,14,2022,2022-3-14,2022-3-1,2022-3
5142009,11965,63,03,15,2022,2022-3-15,2022-3-1,2022-3
5150824,8815,139,03,16,2022,2022-3-16,2022-3-1,2022-3
5159850,9026,125,03,17,2022,2022-3-17,2022-3-1,2022-3
5169415,9565,104,03,18,2022,2022-3-18,2022-3-1,2022-3
5177066,7651,101,03,19,2022,2022-3-19,2022-3-1,2022-3
5182365,5299,7,03,20,2022,2022-3-20,2022-3-1,2022-3
5183837,1472,10,03,21,2022,2022-3-21,2022-3-1,2022-3
5193619,9782,78,03,22,2022,2022-3-22,2022-3-1,2022-3
5202983,9364,97,03,23,2022,2022-3-23,2022-3-1,2022-3
5211936,8953,112,03,24,2022,2022-3-24,2022-3-1,2022-3
5221236,9300,91,03,25,2022,2022-3-25,2022-3-1,2022-3
5228413,7177,61,03,26,2022,2022-3-26,2022-3-1,2022-3
5232374,3961,3,03,27,2022,2022-3-27,2022-3-1,2022-3
5234022,1648,14,03,28,2022,2022-3-28,2022-3-1,2022-3
5241454,7432,87,03,29,2022,2022-3-29,2022-3-1,2022-3
5249267,7813,91,03,30,2022,2022-3-30,2022-3-1,2022-3
5257693,8426,72,03,31,2022,2022-3-31,2022-3-1,2022-3
5264521,6828,63,04,1,2022,2022-4-1,2022-4-1,2022-4
5271171,6650,46,04,2,2022,2022-4-2,2022-4-1,2022-4
5273295,2124,2,04,3,2022,2022-4-3,2022-4-1,2022-4
5273951,656,6,04,4,2022,2022-4-4,2022-4-1,2022-4
5280282,6331,57,04,5,2022,2022-4-5,2022-4-1,2022-4
5287122,6840,46,04,6,2022,2022-4-6,2022-4-1,2022-4
5294608,7486,57,04,7,2022,2022-4-7,2022-4-1,2022-4
5301001,6393,33,04,8,2022,2022-4-8,2022-4-1,2022-4
5306969,5968,22,04,9,2022,2022-4-9,2022-4-1,2022-4
5309342,2373,0,04,10,2022,2022-4-10,2022-4-1,2022-4
5310762,1420,12,04,11,2022,2022-4-11,2022-4-1,2022-4
5318694,7932,12,04,12,2022,2022-4-12,2022-4-1,2022-4
5326131,7437,40,04,13,2022,2022-4-13,2022-4-1,2022-4
5332454,6323,35,04,14,2022,2022-4-14,2022-4-1,2022-4
5336957,4503,41,04,15,2022,2022-4-15,2022-4-1,2022-4
5337459,502,1,04,16,2022,2022-4-16,2022-4-1,2022-4
5337460,1,3,04,17,2022,2022-4-17,2022-4-1,2022-4
5340147,2687,4,04,18,2022,2022-4-18,2022-4-1,2022-4
5348313,8166,65,04,19,2022,2022-4-19,2022-4-1,2022-4
5354592,6279,44,04,20,2022,2022-4-20,2022-4-1,2022-4
5360823,6231,23,04,21,2022,2022-4-21,2022-4-1,2022-4
5362377,1554,3,04,22,2022,2022-4-22,2022-4-1,2022-4
5362856,479,11,04,23,2022,2022-4-23,2022-4-1,2022-4
5363464,608,7,04,24,2022,2022-4-24,2022-4-1,2022-4
5364097,633,2,04,25,2022,2022-4-25,2022-4-1,2022-4
5369822,5725,51,04,26,2022,2022-4-26,2022-4-1,2022-4
5375515,5693,46,04,27,2022,2022-4-27,2022-4-1,2022-4
5380307,4792,34,04,28,2022,2022-4-28,2022-4-1,2022-4
5384320,4013,53,04,29,2022,2022-4-29,2022-4-1,2022-4
5389345,5025,30,04,30,2022,2022-4-30,2022-4-1,2022-4
5392069,2724,3,05,1,2022,2022-5-1,2022-5-1,2022-5
5392656,587,1,05,2,2022,2022-5-2,2022-5-1,2022-5
5399373,6717,45,05,3,2022,2022-5-3,2022-5-1,2022-5
5405572,6199,21,05,4,2022,2022-5-4,2022-5-1,2022-5
5411545,5973,18,05,5,2022,2022-5-5,2022-5-1,2022-5
5417649,6104,23,05,6,2022,2022-5-6,2022-5-1,2022-5
5422332,4683,5,05,7,2022,2022-5-7,2022-5-1,2022-5
5424473,2141,0,05,8,2022,2022-5-8,2022-5-1,2022-5
5424960,487,0,05,9,2022,2022-5-9,2022-5-1,2022-5
5429696,4736,77,05,10,2022,2022-5-10,2022-5-1,2022-5
5434438,4742,50,05,11,2022,2022-5-11,2022-5-1,2022-5
5438958,4520,67,05,12,2022,2022-5-12,2022-5-1,2022-5
5443893,4935,84,05,13,2022,2022-5-13,2022-5-1,2022-5
5447605,3712,52,05,14,2022,2022-5-14,2022-5-1,2022-5
5449941,2336,41,05,15,2022,2022-5-15,2022-5-1,2022-5
5451144,1203,2,05,16,2022,2022-5-16,2022-5-1,2022-5
5455815,4671,63,05,17,2022,2022-5-17,2022-5-1,2022-5
5458472,2657,39,05,18,2022,2022-5-18,2022-5-1,2022-5
5459629,1157,50,05,19,2022,2022-5-19,2022-5-1,2022-5
5460193,564,49,05,20,2022,2022-5-20,2022-5-1,2022-5
5465958,5765,28,05,21,2022,2022-5-21,2022-5-1,2022-5
5467208,1250,9,05,22,2022,2022-5-22,2022-5-1,2022-5
5468187,979,5,05,23,2022,2022-5-23,2022-5-1,2022-5
5474146,5959,57,05,24,2022,2022-5-24,2022-5-1,2022-5
5480732,6586,41,05,25,2022,2022-5-25,2022-5-1,2022-5
5487134,6402,65,05,26,2022,2022-5-26,2022-5-1,2022-5
5493061,5927,69,05,27,2022,2022-5-27,2022-5-1,2022-5
5499768,6707,26,05,28,2022,2022-5-28,2022-5-1,2022-5
5502590,2822,21,05,29,2022,2022-5-29,2022-5-1,2022-5
5503518,928,7,05,30,2022,2022-5-30,2022-5-1,2022-5
5511939,8421,43,05,31,2022,2022-5-31,2022-5-1,2022-5
5520290,8351,47,06,1,2022,2022-6-1,2022-6-1,2022-6
5527726,7436,84,06,2,2022,2022-6-2,2022-6-1,2022-6
5527726,0,0,06,3,2022,2022-6-3,2022-6-1,2022-6
5543461,15735,0,06,4,2022,2022-6-4,2022-6-1,2022-6
5545979,2518,0,06,5,2022,2022-6-5,2022-6-1,2022-6
5547194,1215,0,06,6,2022,2022-6-6,2022-6-1,2022-6
5557582,10388,168,06,7,2022,2022-6-7,2022-6-1,2022-6
5566549,8967,58,06,8,2022,2022-6-8,2022-6-1,2022-6
5572697,6148,68,06,9,2022,2022-6-9,2022-6-1,2022-6
5583254,10557,68,06,10,2022,2022-6-10,2022-6-1,2022-6
5591276,8022,59,06,11,2022,2022-6-11,2022-6-1,2022-6
5595235,3959,9,06,12,2022,2022-6-12,2022-6-1,2022-6
5596714,1479,6,06,13,2022,2022-6-13,2022-6-1,2022-6
5606813,10099,74,06,14,2022,2022-6-14,2022-6-1,2022-6
5616538,9725,82,06,15,2022,2022-6-15,2022-6-1,2022-6
5625369,8831,85,06,16,2022,2022-6-16,2022-6-1,2022-6
5628078,2709,19,06,17,2022,2022-6-17,2022-6-1,2022-6
5631464,3386,41,06,18,2022,2022-6-18,2022-6-1,2022-6
5633543,2079,19,06,19,2022,2022-6-19,2022-6-1,2022-6
5635140,1597,7,06,20,2022,2022-6-20,2022-6-1,2022-6
5645947,10807,72,06,21,2022,2022-6-21,2022-6-1,2022-6
5655840,9893,0,06,22,2022,2022-6-22,2022-6-1,2022-6
5664927,9087,177,06,23,2022,2022-6-23,2022-6-1,2022-6
5674756,9829,101,06,24,2022,2022-6-24,2022-6-1,2022-6
5682235,7479,72,06,25,2022,2022-6-25,2022-6-1,2022-6
5685414,3179,7,06,26,2022,2022-6-26,2022-6-1,2022-6
5687485,2071,7,06,27,2022,2022-6-27,2022-6-1,2022-6
5697370,9885,122,06,28,2022,2022-6-28,2022-6-1,2022-6
5707821,10451,81,06,29,2022,2022-6-29,2022-6-1,2022-6
5718492,10671,90,06,30,2022,2022-6-30,2022-6-1,2022-6
5729407,10915,87,07,1,2022,2022-7-1,2022-7-1,2022-7
5738245,8838,61,07,2,2022,2022-7-2,2022-7-1,2022-7
5741923,3678,10,07,3,2022,2022-7-3,2022-7-1,2022-7
5743583,1660,7,07,4,2022,2022-7-4,2022-7-1,2022-7
5754078,10495,136,07,5,2022,2022-7-5,2022-7-1,2022-7
5765003,10925,98,07,6,2022,2022-7-6,2022-7-1,2022-7
5775223,10220,89,07,7,2022,2022-7-7,2022-7-1,2022-7
5784777,9554,83,07,8,2022,2022-7-8,2022-7-1,2022-7
5794001,9224,84,07,9,2022,2022-7-9,2022-7-1,2022-7
5797625,3624,7,07,10,2022,2022-7-10,2022-7-1,2022-7
5798700,1075,2,07,11,2022,2022-7-11,2022-7-1,2022-7
5808459,9759,124,07,12,2022,2022-7-12,2022-7-1,2022-7
5817223,8764,82,07,13,2022,2022-7-13,2022-7-1,2022-7
5825833,8610,74,07,14,2022,2022-7-14,2022-7-1,2022-7
5833620,7787,108,07,15,2022,2022-7-15,2022-7-1,2022-7
5841003,7383,88,07,16,2022,2022-7-16,2022-7-1,2022-7
5842570,1567,10,07,17,2022,2022-7-17,2022-7-1,2022-7
5843458,888,17,07,18,2022,2022-7-18,2022-7-1,2022-7
5852960,9502,111,07,19,2022,2022-7-19,2022-7-1,2022-7
5861263,8303,92,07,20,2022,2022-7-20,2022-7-1,2022-7
5867871,6608,87,07,21,2022,2022-7-21,2022-7-1,2022-7
5874616,6745,95,07,22,2022,2022-7-22,2022-7-1,2022-7
5880733,6117,77,07,23,2022,2022-7-23,2022-7-1,2022-7
5882959,2226,8,07,24,2022,2022-7-24,2022-7-1,2022-7
5883611,652,11,07,25,2022,2022-7-25,2022-7-1,2022-7
5890763,7152,99,07,26,2022,2022-7-26,2022-7-1,2022-7
5897859,7096,73,07,27,2022,2022-7-27,2022-7-1,2022-7
5904845,6986,89,07,28,2022,2022-7-28,2022-7-1,2022-7
5911552,6707,71,07,29,2022,2022-7-29,2022-7-1,2022-7
5917268,5716,48,07,30,2022,2022-7-30,2022-7-1,2022-7
5919446,2178,9,07,31,2022,2022-7-31,2022-7-1,2022-7
5920259,813,3,08,1,2022,2022-8-1,2022-8-1,2022-8
5927119,6860,89,08,2,2022,2022-8-2,2022-8-1,2022-8
5933089,5970,66,08,3,2022,2022-8-3,2022-8-1,2022-8
5938736,5647,58,08,4,2022,2022-8-4,2022-8-1,2022-8
5944141,5405,77,08,5,2022,2022-8-5,2022-8-1,2022-8
5948320,4179,79,08,6,2022,2022-8-6,2022-8-1,2022-8
5949473,1153,22,08,7,2022,2022-8-7,2022-8-1,2022-8
5950313,840,8,08,8,2022,2022-8-8,2022-8-1,2022-8
5955410,5097,72,08,9,2022,2022-8-9,2022-8-1,2022-8
5960782,5372,66,08,10,2022,2022-8-10,2022-8-1,2022-8
5965286,4504,39,08,11,2022,2022-8-11,2022-8-1,2022-8
5968917,3631,44,08,12,2022,2022-8-12,2022-8-1,2022-8
5973090,4173,71,08,13,2022,2022-8-13,2022-8-1,2022-8
5973904,814,14,08,14,2022,2022-8-14,2022-8-1,2022-8
5974191,287,16,08,15,2022,2022-8-15,2022-8-1,2022-8
5979460,5269,53,08,16,2022,2022-8-16,2022-8-1,2022-8
5984410,4950,70,08,17,2022,2022-8-17,2022-8-1,2022-8
5989405,4995,48,08,18,2022,2022-8-18,2022-8-1,2022-8
5993376,3971,33,08,19,2022,2022-8-19,2022-8-1,2022-8
5997822,4446,46,08,20,2022,2022-8-20,2022-8-1,2022-8
5999264,1442,2,08,21,2022,2022-8-21,2022-8-1,2022-8
5999806,542,3,08,22,2022,2022-8-22,2022-8-1,2022-8
6004283,4477,56,08,23,2022,2022-8-23,2022-8-1,2022-8
6008751,4468,16,08,24,2022,2022-8-24,2022-8-1,2022-8
6013105,4354,24,08,25,2022,2022-8-25,2022-8-1,2022-8
6016839,3734,28,08,26,2022,2022-8-26,2022-8-1,2022-8
6020485,3646,21,08,27,2022,2022-8-27,2022-8-1,2022-8
6021118,633,5,08,28,2022,2022-8-28,2022-8-1,2022-8
6021735,617,6,08,29,2022,2022-8-29,2022-8-1,2022-8
6026158,4423,44,08,30,2022,2022-8-30,2022-8-1,2022-8
6030546,4388,36,08,31,2022,2022-8-31,2022-8-1,2022-8
6033960,3414,44,09,1,2022,2022-9-1,2022-9-1,2022-9
6037128,3168,35,09,2,2022,2022-9-2,2022-9-1,2022-9
6039943,2815,33,09,3,2022,2022-9-3,2022-9-1,2022-9
6040654,711,0,09,4,2022,2022-9-4,2022-9-1,2022-9
6041109,455,0,09,5,2022,2022-9-5,2022-9-1,2022-9
6045123,4014,21,09,6,2022,2022-9-6,2022-9-1,2022-9
6048231,3108,10,09,7,2022,2022-9-7,2022-9-1,2022-9
6048691,460,2,09,8,2022,2022-9-8,2022-9-1,2022-9
6051911,3220,21,09,9,2022,2022-9-9,2022-9-1,2022-9
6055094,3183,19,09,10,2022,2022-9-10,2022-9-1,2022-9
6055708,614,1,09,11,2022,2022-9-11,2022-9-1,2022-9
6056142,434,3,09,12,2022,2022-9-12,2022-9-1,2022-9
6059011,2869,29,09,13,2022,2022-9-13,2022-9-1,2022-9
6062958,3947,26,09,14,2022,2022-9-14,2022-9-1,2022-9
6065920,2962,16,09,15,2022,2022-9-15,2022-9-1,2022-9
6068932,3012,42,09,16,2022,2022-9-16,2022-9-1,2022-9
6070983,2051,31,09,17,2022,2022-9-17,2022-9-1,2022-9
6071578,595,1,09,18,2022,2022-9-18,2022-9-1,2022-9
6072244,666,2,09,19,2022,2022-9-19,2022-9-1,2022-9
6074855,2611,19,09,20,2022,2022-9-20,2022-9-1,2022-9
6076896,2041,21,09,21,2022,2022-9-21,2022-9-1,2022-9
6079235,2339,32,09,22,2022,2022-9-22,2022-9-1,2022-9
6081683,2448,26,09,23,2022,2022-9-23,2022-9-1,2022-9
6084326,2643,0,09,24,2022,2022-9-24,2022-9-1,2022-9
6084604,278,10,09,25,2022,2022-9-25,2022-9-1,2022-9
6084812,208,1,09,26,2022,2022-9-26,2022-9-1,2022-9
6087468,2656,0,09,27,2022,2022-9-27,2022-9-1,2022-9
6089888,2420,0,09,28,2022,2022-9-28,2022-9-1,2022-9
6092896,3008,0,09,29,2022,2022-9-29,2022-9-1,2022-9
6096112,3216,0,09,30,2022,2022-9-30,2022-9-1,2022-9
6099193,3081,191,10,1,2022,2022-10-1,2022-10-1,2022-10
6099539,346,59,10,2,2022,2022-10-2,2022-10-1,2022-10
6099661,122,2,10,3,2022,2022-10-3,2022-10-1,2022-10
6102630,2969,57,10,4,2022,2022-10-4,2022-10-1,2022-10
6105805,3175,63,10,5,2022,2022-10-5,2022-10-1,2022-10
6108335,2530,73,10,6,2022,2022-10-6,2022-10-1,2022-10
6110305,1970,43,10,7,2022,2022-10-7,2022-10-1,2022-10
6112706,2401,22,10,8,2022,2022-10-8,2022-10-1,2022-10
6112986,280,7,10,9,2022,2022-10-9,2022-10-1,2022-10
6113201,215,2,10,10,2022,2022-10-10,2022-10-1,2022-10
6115707,2506,29,10,11,2022,2022-10-11,2022-10-1,2022-10
6118349,2642,50,10,12,2022,2022-10-12,2022-10-1,2022-10
6118357,8,20,10,13,2022,2022-10-13,2022-10-1,2022-10
6120384,2027,30,10,14,2022,2022-10-14,2022-10-1,2022-10
6122233,1849,0,10,15,2022,2022-10-15,2022-10-1,2022-10
6122233,0,0,10,16,2022,2022-10-16,2022-10-1,2022-10
6122754,521,35,10,17,2022,2022-10-17,2022-10-1,2022-10
6124591,1837,47,10,18,2022,2022-10-18,2022-10-1,2022-10
6126367,1776,37,10,19,2022,2022-10-19,2022-10-1,2022-10
6126367,0,0,10,20,2022,2022-10-20,2022-10-1,2022-10
6126367,0,0,10,21,2022,2022-10-21,2022-10-1,2022-10
6131859,5492,49,10,22,2022,2022-10-22,2022-10-1,2022-10
6132040,181,9,10,23,2022,2022-10-23,2022-10-1,2022-10
6132167,127,5,10,24,2022,2022-10-24,2022-10-1,2022-10